INSERT INTO Supplier
VALUES(
'S12345','Muhammad','Abubakar'
);

INSERT INTO Supplier
VALUES(
'S23456','Muhammad','Ali'
);

INSERT INTO Supplier
VALUES(
'S34567','Ahmed','Khan'
);

INSERT INTO Supplier
VALUES(
'S45678','Abdul','Hadi'
);

INSERT INTO Supplier
VALUES(
'S56789','Janmay','Sharma'
);

INSERT INTO Supplier
VALUES(
'S67890','Saqib','Ejaz'
);

INSERT INTO Supplier
VALUES(
'S78901','Farrukh','Raza'
);

INSERT INTO Supplier
VALUES(
'S89012','Raja','Kamran'
);

INSERT INTO Supplier
VALUES(
'S90234','Shaheer','Ilyas'
);

INSERT INTO Supplier
VALUES(
'S91234','Hamza','Lone'
);



INSERT INTO Category
VALUES(
'Veg','C-01'
);


INSERT INTO Category
VALUES(
'Non-Veg','C-02'
);


INSERT INTO Category
VALUES(
'Detergents','C-03'
);


INSERT INTO Category
VALUES(
'Plants','C-04'
);


INSERT INTO Category
VALUES(
'Househlod','C-05'
);


INSERT INTO Category
VALUES(
'Cosmetics','C-06'
);


INSERT INTO Category
VALUES(
'Garments','C-07'
);


INSERT INTO Category
VALUES(
'Toys','C-08'
);


INSERT INTO Category
VALUES(
'Sports','C-09'
);


INSERT INTO Category
VALUES(
'Media','C-10'
);
--...............................................

INSERT INTO Superstore
VALUES(
'I-1233','104, Tariq Road, Islamabad','Tariq Road Branch'
);

INSERT INTO Superstore
VALUES(
'I-1234','322, Mandi Morr, RawalPindi','Mandi Morr Branch'
);

INSERT INTO Superstore
VALUES(
'I-1235','747, Itwar Bazar, Islamabad','Itwar Bazar Branch'
);

INSERT INTO Superstore
VALUES(
'S-1236','901, Imam Sahab, Sialkot','Iman Sahab Branch'
);

INSERT INTO Superstore
VALUES(
'G-1221','108, Major Road, Gujranwala','Major Road Branch'
);

INSERT INTO Superstore
VALUES(
'L-7272','Phase 2, DHA, Lahore','DHA Branch'
);

INSERT INTO Superstore
VALUES(
'J-1299','Army College road, Jehlum','Army College Branch'
);

INSERT INTO Superstore
VALUES(
'K-2199','104,Liyari, Karachi','Liyari Branch'
);

INSERT INTO Superstore
VALUES(
'K-2180','899,Laandhi, Karachi','Laandhi Branch'
);

INSERT INTO Superstore
VALUES(
'M-2439','099,Cantt, Multan','Cantt Branch'
);
---------------

INSERT INTO order
VALUES(
'19-10-2019','2','L-6969','delivered'
);


INSERT INTO order
VALUES(
'18-11-2019','2','K-6699','pending'
);


INSERT INTO order
VALUES(
'17-9-2019','3','B-9892','pending'
);


INSERT INTO order
VALUES(
'17-11-2020','4','P-8899','delivered'
);


INSERT INTO order
VALUES(
'19-10-2019','2','L-7839','pending'
);


INSERT INTO order
VALUES(
'11-NOV-2018','2','K-4499','delivered'
);


INSERT INTO order
VALUES(
'09-JUN-2020','6','L-3459','pending'
);


INSERT INTO order
VALUES(
'05-JAN-2019','1','L-8829','delivered'
);


INSERT INTO order
VALUES(
'29-DEC-2020','2','L-3900','delivered'
);


INSERT INTO order
VALUES(
'18-OCT-2020','2','J-1269','delivered'
);
------------

INSERT INTO shipment
VALUES(
'XY-234','13-JUN-2020','01 PM','L-6969'
);


INSERT INTO shipment
VALUES(
'Jh-147','16-MAR-2020','02 PM','K-6699'
);


INSERT INTO shipment
VALUES(
'LC-999','21-NOV-2020','03 PM','B-9892'
);


INSERT INTO shipment
VALUES(
'PO-293','26-DEC-2020','04 PM','P-8899'
);


INSERT INTO shipment
VALUES(
'CH-383','08-JUN-2020','05 PM','L-7839'
);


INSERT INTO shipment
VALUES(
'XC-309','19-MAR-2020','06 PM','K-4499'
);


INSERT INTO shipment
VALUES(
'IO-444','06-MAY-2020','07 PM','L-3459'
);


INSERT INTO shipment
VALUES(
'BB-111','16-NOV-2020','08 PM','L-8829'
);


INSERT INTO shipment
VALUES(
'JK-673','10-AUG-2020','09 PM','L-3900'
);


INSERT INTO shipment
VALUES(
'LL-696','13-MAY-2019','10 PM','J-1269'
);
--------------------------

INSERT INTO Customer
VALUES(
'13,Hamid Road,Grw','Ali','Muhammad','03079876544','G-72'
);


INSERT INTO Customer
VALUES(
'14,Kutchehry Road,Sialkot','Mohib','Raza','03009090901','S-18'
);


INSERT INTO Customer
VALUES(
'27,Street 6,Narowal','Jameel','Butt','03072345433','N-86'
);


INSERT INTO Customer
VALUES(
'9,Street 11,G11,Isb','Khadim','Nabi','0390233488','I-47'
);


INSERT INTO Customer
VALUES(
'45,Zainab Mall,Karachi','Nabeel','Shoaib','0305291033','K-31'
);


INSERT INTO Customer
VALUES(
'44,Ghazi Road,Skt','Gohar','Khan','03327878980','S-92'
);


INSERT INTO Customer
VALUES(
'15,Jalal Street,Pattoki','Zohaib','Cheema','03427872044','P-90'
);


INSERT INTO Customer
VALUES(
'56,Ali Street,Jehlum','Liaqat','Khan','03008782233','J-80'
);


INSERT INTO Customer
VALUES(
'99,Mag Town,Skt','Zubair','Ali','03336573829','S-70'
);



INSERT INTO customer
VALUES(
'98,Tehsil Bazar,Skt','Usman','Khawaja','03335555777','S-77'
);
---
INSERT INTO employee
   VALUES(
  '12-JAN-2000','0345','GT ROAD,near Daraz office','Manager_IT','16-sep-99','0900-78601','Aleezeh','Usman','I-1233'
 );
INSERT INTO employee
VALUES(
'17-OCT-1996','0346','sector F10/2,street 16','Sales Man','23-DEC-1986','0300-1254987','Hamza','Lone','I-1233'
);
INSERT INTO employee
VALUES(
'5-FEB-2006','0347','sector G10/3,street 76','Mngr Sales','13-DEC-1986','0300-2398709','Zaid','Siddiqui','M-2439'
);
INSERT INTO employee
VALUES(
'30-OCT-1989','0348','RIng road,house # 12,Multan','Mngr stock','12-SEP-2004','0312-9238173','Afnan','Khan','G-1221'
);
INSERT INTO employee
VALUES(
'07-JUN-1973','0349','Wapda town,house # A15,Grw','Head sales','13-JUL-2012','0315-2321234','Shaheer','ilyas','S-1236'
);

INSERT INTO employee
VALUES(
'08-JUL-2011','0422','8,street2,Ichra,Lahore',Manager,'15-MAY-1988','03455673332','Babar','Ali','L-7272'
);


INSERT INTO employee
VALUES(
'09-MAY-2013','0221','3,street5,Mandi,Mangla',Sweeper,'03-SEP-1990','03083244333','Jabir','Hayan','K-2199'
);


INSERT INTO employee
VALUES(
'08-JUL-2010','0799','90,street8,College Road,Rawalpindi',Helper,'11-APR-1995','03455234322','Qasim','Shah','J-1299'
);


INSERT INTO employee
VALUES(
'09-AUG-2015','1123','47,street68,G11,Islamabad',Officer,'19-JUL-1978','034556234266','Hussain','Kareem','I-1233'
);


INSERT INTO employee
VALUES(
'23-MAR-2015','2001','91,street7,Clifton,Karachi',Chairman,'15-MAY-1988','03027788345','Ali','Ramiz','K-2199'
);
----------------------
)
INSERT INTO Item
VALUES(
'AS12','Sufi Oil','121','C1R2','1200','1250','Sufi Oil,This is a 5 litre Package','S12345','C-01'
);
INSERT INTO Item
VALUES(
'AS13','Dalda Oil','135','C3R1','1300','1450','Dalda Oil,package contians Nutritious 5 litre oil','S23456','C-01'
);
INSERT INTO Item
VALUES(
'AS14','Head & Shoulders','754','C1R1','130','145','Small Size Head & shoulders','S67890','C-06'
);
INSERT INTO Item
VALUES(
'AS15','Lays','754','C3R5','13','20','Lays small pack','S56789','C-02'
);
INSERT INTO Item
VALUES(
'AS16','Ketchup','54','C1R6','193','214','Mitchells Ketchup 1kg Tomato','S34567','C-03'
);
INSERT INTO Item
VALUES(
'AS17','Chicken','129','C6R1','245','345','Whole chicken K&ns','S56789','C-07'
);
INSERT INTO Item
VALUES(
'AS18','Tomato','453','C4R5','133','195','The pack conatins 1kg fresh tomato','S34567','C-05'
);
INSERT INTO Item
VALUES(
'AS19','Sugar 1KG','333','C3R9','60','84','The package contains 1 KG sugar','S23456','C-04'
);
INSERT INTO Item
VALUES(
'AS20','SUnsilk','724','C5R5','540','745','Large Size Sunsilk shampoo','S91234','C-06'
);
